,precision,recall,f1-score,support
0,0.7564102564102564,0.7375,0.7468354430379747,80.0
1,0.27586206896551724,0.2962962962962963,0.2857142857142857,27.0
accuracy,0.6261682242990654,0.6261682242990654,0.6261682242990654,0.6261682242990654
macro avg,0.5161361626878869,0.5168981481481482,0.5162748643761301,107.0
weighted avg,0.6351504334101821,0.6261682242990654,0.6304777678254551,107.0
